interest_profile,cases,avg_execution_time_ms,median_execution_time_ms,avg_route_distance_km,median_route_distance_km,avg_candidate_evaluations,avg_geographic_spread_km
Culture & Heritage,3,624.2052999829563,506.5189999877475,127.082178,101.106922,6000.0,29.10596666666667
Culture & Heritage + Food,3,604.6097333310172,502.92449997505173,105.78115933333333,111.874575,6000.0,24.53576666666667
Culture & Heritage + Religion,3,668.2593999818588,558.4319999907166,131.91168133333335,156.00962300000003,6000.0,32.293933333333335
Entertainment,3,599.0541666784944,506.1728000291623,126.32082433333335,131.408172,6000.0,31.12426666666667
Food,3,608.3332333364524,525.823500007391,107.93987933333334,103.96837500000001,6000.0,26.290266666666668
Food + Entertainment,3,647.7010000186662,529.2033000150695,105.69545166666666,120.48284999999998,6000.0,29.446299999999997
Food + Shopping,2,650.2713999943808,650.2713999943808,107.47195750000002,107.47195750000002,6000.0,26.0119
Nature & Outdoors,3,606.6110666724853,503.4839999862015,126.39688799999999,120.49663999999999,6000.0,28.722633333333334
Nature & Outdoors + Recreation & Sports,3,599.4509666537245,502.8961999923922,134.55309100000002,145.164694,6000.0,31.529533333333333
Recreation & Sports,3,597.7437999875596,506.60989998141304,144.8535643333333,162.53569599999997,6000.0,35.3073
Religion,3,584.4453999889083,494.06910000834614,117.31324333333335,102.558607,6000.0,31.485766666666667
Shopping,3,624.5170666758592,541.3231999846175,107.73294866666667,115.742414,6000.0,34.413666666666664
