case_id,interest_profile,poi_count,geographic_spread_km,feasible,route_distance_km,execution_time_ms,candidate_evaluations,route_length
S001,Food,10,25.8329,True,87.131864,2496.523400001024,126009,10
S002,Food,20,24.5152,True,109.40617400000001,31922.23340000055,1453519,20
S003,Food,30,28.5227,True,145.64494799999997,105345.02950000024,5481029,30
S004,Shopping,10,28.7642,True,53.513104,2508.833299998514,126009,10
S005,Shopping,20,34.4313,True,126.63997900000001,28159.946499999933,1453519,20
S006,Shopping,30,40.0455,True,185.22658999999996,103272.79179999823,5481029,30
S007,Religion,10,25.6019,True,72.581781,2396.8439000018407,126009,10
S008,Religion,20,27.5312,True,105.21846500000001,27413.366500000848,1453519,20
S009,Religion,30,41.3242,True,185.97527000000002,105575.06769999964,5481029,30
S010,Nature & Outdoors,10,30.9691,True,95.49216,3377.0326000012574,126009,10
S011,Nature & Outdoors,20,26.0569,True,119.57815099999998,34721.533299998555,1453519,20
S012,Nature & Outdoors,30,29.1419,True,199.39537699999997,115534.60600000108,5481029,30
S013,Culture & Heritage,10,24.9728,True,93.31481200000002,2404.0862000001653,126009,10
S014,Culture & Heritage,20,27.402,True,99.851355,27453.3119000007,1453519,20
S015,Culture & Heritage,30,34.9431,True,196.039218,103383.53310000093,5481029,30
S016,Entertainment,10,24.2852,True,80.90458100000001,2398.2638999987103,126009,10
S017,Entertainment,20,33.3652,True,139.879446,27326.888499999768,1453519,20
S018,Entertainment,30,35.7224,True,168.657746,106352.79099999752,5481029,30
S019,Recreation & Sports,10,36.2378,True,85.52394099999998,3394.416499999352,126009,10
S020,Recreation & Sports,20,38.0118,True,159.22903199999996,36608.502100003534,1453519,20
S021,Recreation & Sports,30,31.6723,True,193.9277,118126.31089999923,5481029,30
M001,Food + Shopping,10,24.7386,True,78.051141,2775.4099999983737,126009,10
M002,Food + Shopping,20,34.5876,False,,9.096499998122454,0,0
M003,Food + Shopping,30,27.2852,True,161.69266499999998,119780.00919999977,5481029,30
M004,Culture & Heritage + Religion,10,24.1886,True,81.570552,2768.1265999999596,126009,10
M005,Culture & Heritage + Religion,20,37.7805,True,160.65677699999998,33226.491800000076,1453519,20
M006,Culture & Heritage + Religion,30,34.9127,True,174.01141799999996,116961.08410000306,5481029,30
M007,Food + Entertainment,10,19.999,True,53.275797999999995,2412.5734999979613,126009,10
M008,Food + Entertainment,20,36.1547,True,128.245828,27510.344300000725,1453519,20
M009,Food + Entertainment,30,32.1852,True,160.88493899999997,102733.48579999947,5481029,30
M010,Nature & Outdoors + Recreation & Sports,10,24.4925,True,73.484849,2394.119000000501,126009,10
M011,Nature & Outdoors + Recreation & Sports,20,34.0158,True,146.89517400000003,27605.863999997382,1453519,20
M012,Nature & Outdoors + Recreation & Sports,30,36.0803,True,181.86184600000007,103041.94359999747,5481029,30
M013,Culture & Heritage + Food,10,24.6306,True,86.41765600000001,2403.104400000302,126009,10
M014,Culture & Heritage + Food,20,24.4293,True,111.722883,27580.090800001926,1453519,20
M015,Culture & Heritage + Food,30,24.5474,True,130.914912,106937.81679999665,5481029,30
