interest_profile,cases,avg_time_ms,median_time_ms,avg_distance_km,avg_geographic_spread_km,avg_candidate_evaluations
Culture & Heritage,3,44413.643733333935,27453.3119000007,129.73512833333334,29.10596666666667,2353519.0
Culture & Heritage + Food,3,45640.33733333296,27580.090800001926,109.68515033333334,24.53576666666667,2353519.0
Culture & Heritage + Religion,3,50985.2341666677,33226.491800000076,138.746249,32.293933333333335,2353519.0
Entertainment,3,45359.31446666533,27326.888499999768,129.81392433333335,31.12426666666667,2353519.0
Food,3,46587.92876666727,31922.23340000055,114.06099533333332,26.290266666666668,2353519.0
Food + Entertainment,3,44218.80119999938,27510.344300000725,114.13552166666666,29.446299999999997,2353519.0
Food + Shopping,2,61277.70959999907,61277.70959999907,119.87190299999999,26.0119,2803519.0
Nature & Outdoors,3,51211.0573000003,34721.533299998555,138.15522933333332,28.722633333333334,2353519.0
Nature & Outdoors + Recreation & Sports,3,44347.30886666512,27605.863999997382,134.08062300000003,31.529533333333333,2353519.0
Recreation & Sports,3,52709.74316666737,36608.502100003534,146.226891,35.3073,2353519.0
Religion,3,45128.42603333411,27413.366500000848,121.25850533333335,31.485766666666667,2353519.0
Shopping,3,44647.19053333223,28159.946499999933,121.79322433333333,34.413666666666664,2353519.0
