case_id,interest_profile,poi_count,poi_ids,poi_names,poi_categories,road_nodes,start_poi_id,end_poi_id,start_road_node,end_road_node,geographic_spread_km,unique_road_nodes,shared_road_node_count
S001,Food,10,"[""HYD001952"", ""HYD000595"", ""HYD006254"", ""HYD005990"", ""HYD005901"", ""HYD004601"", ""HYD001915"", ""HYD001852"", ""HYD033651"", ""HYD000623""]","[""NFC"", ""KS bakers"", ""vad pav"", ""V Eat N Enjoy corner"", ""Nescafe"", ""Samrudhi Amrutulya chai and snacks"", ""JNTU - Canteen"", ""Chai Point"", ""Nectar Kitchen & Bar"", ""MONGINIS cake shop""]","[""Food"", ""Food"", ""Food"", ""Food"", ""Food"", ""Food"", ""Food"", ""Food"", ""Food"", ""Food""]","[3602320494, 1753608432, 2243963217, 2852572288, 12895274444, 2795965462, 760461434, 7018541122, 1836662476, 4021573391]",HYD001952,HYD000623,3602320494,4021573391,25.8329,10,0
S002,Food,20,"[""HYD000615"", ""HYD001879"", ""HYD005882"", ""HYD005939"", ""HYD033992"", ""HYD000601"", ""HYD005801"", ""HYD033641"", ""HYD005889"", ""HYD033762"", ""HYD006829"", ""HYD000519"", ""HYD005232"", ""HYD033654"", ""HYD033316"", ""HYD006828"", ""HYD005068"", ""HYD005868"", ""HYD033301"", ""HYD001914""]","[""Ks bakers"", ""DELHI WALA SWEETS"", ""McDonald's"", ""Sirisha Hotel"", ""White Rose"", ""Karachi Bakery"", ""Famous Bread Omlet"", ""Naksathra Family Restaurant"", ""McDonald's"", ""Red Bucket"", ""Rythu Bazar"", ""Bangalore Bakery"", ""Dodla Dairy"", ""Noodles King"", ""Chutneys"", ""Ramnagar Gundu Vegetable Market Place"", ""Sudharshan"", ""King & Cardinal"", ""Chandini Family Dhaba"", ""Isabel""]","[""Food"", ""Food"", ""Food"", ""Food"", ""Food"", ""Food"", ""Food"", ""Food"", ""Food"", ""Food"", ""Food"", ""Food"", ""Food"", ""Food"", ""Food"", ""Food"", ""Food"", ""Food"", ""Food"", ""Food""]","[1753608432, 6297948164, 3602301600, 12725591175, 1339439562, 1340809939, 7682284756, 7701439474, 11313779344, 3602307066, 11906452378, 315060301, 3579913345, 7682659578, 1948637918, 634130062, 308597337, 3217073811, 4269641899, 352765073]",HYD000615,HYD001914,1753608432,352765073,24.5152,20,0
S003,Food,30,"[""HYD001875"", ""HYD033479"", ""HYD001892"", ""HYD033393"", ""HYD033331"", ""HYD006211"", ""HYD000670"", ""HYD033804"", ""HYD035518"", ""HYD002007"", ""HYD033473"", ""HYD001818"", ""HYD009052"", ""HYD033404"", ""HYD005774"", ""HYD001780"", ""HYD000680"", ""HYD005920"", ""HYD009037"", ""HYD001822"", ""HYD005940"", ""HYD001909"", ""HYD006828"", ""HYD033780"", ""HYD033417"", ""HYD005245"", ""HYD033439"", ""HYD033378"", ""HYD005845"", ""HYD006221""]","[""Coronation Cafe"", ""Hyderabad spice"", ""Golden Point"", ""GHMC ANNAPURNA FOOD CENTER"", ""De Alphabet Hotel"", ""Mithai Bhandar& Veg Bakers"", ""TAJ BAKERS"", ""Santhosh Family Dhaba"", ""Global assam tea depot"", ""Tea house"", ""Husnain hotel"", ""Cafe Coffee Day"", ""Naturals"", ""Godavari ruchulu"", ""Domino's"", ""sholay mutton shop"", ""Vac's"", ""RR Food court"", ""Havmor"", ""Cafe Coffee Day"", ""Siva Reddy Foods"", ""Imroze Cafe"", ""Ramnagar Gundu Vegetable Market Place"", ""SRR Dickys"", ""Green Bawarchi"", ""Milk shake factory"", ""Hi-Tech Bawarchi"", ""Fire Water"", ""KFC"", ""Reddy Chicken""]","[""Food"", ""Food"", ""Food"", ""Food"", ""Food"", ""Food"", ""Food"", ""Food"", ""Food"", ""Food"", ""Food"", ""Food"", ""Food"", ""Food"", ""Food"", ""Food"", ""Food"", ""Food"", ""Food"", ""Food"", ""Food"", ""Food"", ""Food"", ""Food"", ""Food"", ""Food"", ""Food"", ""Food"", ""Food"", ""Food""]","[513021111, 1906537069, 309707741, 3415837326, 5643839786, 1034536715, 3612567304, 9987395851, 1314213030, 315057063, 2461272681, 11038795038, 3207184247, 353721639, 309713917, 1316991352, 12800078118, 3598394356, 7713015123, 1324198379, 1437305488, 289511426, 634130062, 636405426, 7682659536, 1753608436, 7012080631, 827334259, 1762335425, 3164348348]",HYD001875,HYD006221,513021111,3164348348,28.5227,30,0
S004,Shopping,10,"[""HYD035321"", ""HYD035283"", ""HYD035211"", ""HYD004295"", ""HYD035131"", ""HYD035184"", ""HYD004499"", ""HYD034696"", ""HYD035377"", ""HYD005174""]","[""Shekar Super Market"", ""Reliance Fresh"", ""More Super Market"", ""F Z Suits And Sarees"", ""Ghanshyam Super Market"", ""More"", ""Sree Mokshalakshmi Sarees Centre"", ""SSS Footwear"", ""Vasu sarees"", ""Sri Ramdev Kirana & General Store""]","[""Shopping"", ""Shopping"", ""Shopping"", ""Shopping"", ""Shopping"", ""Shopping"", ""Shopping"", ""Shopping"", ""Shopping"", ""Shopping""]","[1693986560, 1431239091, 7701760196, 2852309769, 2222305325, 2847633968, 3317426073, 12165036182, 5354179743, 4357377652]",HYD035321,HYD005174,1693986560,4357377652,28.7642,10,0
S005,Shopping,20,"[""HYD004483"", ""HYD009360"", ""HYD006630"", ""HYD005323"", ""HYD035194"", ""HYD035293"", ""HYD034841"", ""HYD004598"", ""HYD035286"", ""HYD005549"", ""HYD036148"", ""HYD004263"", ""HYD005142"", ""HYD004214"", ""HYD005531"", ""HYD007035"", ""HYD005319"", ""HYD004284"", ""HYD004581"", ""HYD034862""]","[""Sarah Designer"", ""Cine Polis"", ""Sriram Interiors"", ""Heritage"", ""More"", ""Reliance Fresh"", ""Narsing Stamps & Zerox"", ""womens clothing"", ""Reliance Fresh"", ""Reliance Digital Electronics store"", ""World Of Titan"", ""CMR Fashion mall"", ""Indian oil"", ""4ME"", ""Pai International"", ""Srinivasa Exclusive"", ""Centro"", ""Cotton Expo"", ""levi's"", ""Sri Sai Book Center""]","[""Shopping"", ""Shopping"", ""Shopping"", ""Shopping"", ""Shopping"", ""Shopping"", ""Shopping"", ""Shopping"", ""Shopping"", ""Shopping"", ""Shopping"", ""Shopping"", ""Shopping"", ""Shopping"", ""Shopping"", ""Shopping"", ""Shopping"", ""Shopping"", ""Shopping"", ""Shopping""]","[309713917, 12880221181, 7710470313, 3195196230, 11486056680, 2795779462, 3164348466, 2028554629, 2228839216, 3415837336, 13313072586, 9780805231, 2859817829, 349267616, 5486693578, 6690122135, 7492349754, 726154935, 978107717, 3059817564]",HYD004483,HYD034862,309713917,3059817564,34.4313,20,0
S006,Shopping,30,"[""HYD035354"", ""HYD005529"", ""HYD004584"", ""HYD035226"", ""HYD009436"", ""HYD007024"", ""HYD035200"", ""HYD009353"", ""HYD004441"", ""HYD005313"", ""HYD004434"", ""HYD005178"", ""HYD035409"", ""HYD034850"", ""HYD034706"", ""HYD005216"", ""HYD035413"", ""HYD035081"", ""HYD009159"", ""HYD035079"", ""HYD007031"", ""HYD006594"", ""HYD004598"", ""HYD004432"", ""HYD009457"", ""HYD009424"", ""HYD004335"", ""HYD035431"", ""HYD004245"", ""HYD004373""]","[""Star Bazar"", ""Pai"", ""new look dress wear"", ""Q Mart"", ""TNR Northcity Mall & Multiplex"", ""Padmavathi hardware shop"", ""More"", ""Centro by Reliance"", ""Ramdev Readymade Selection"", ""Aman Kirana Shop"", ""Priyanka Cloth Store"", ""United Associates"", ""jockey showroom"", ""Royal Xerox and Stationary"", ""centro"", ""The Body Shop"", ""mahila super market"", ""BhagyaLakshmi general store"", ""One gram gold jewelry store"", ""Balaji grand bazar"", ""Sri Geeta Plywood & Hardware"", ""Feather light furnitures"", ""womens clothing"", ""Peter England"", ""vigneshwara silks"", ""SMR Vinay Metro Mall"", ""KADHI TRENDS"", ""vijetha super market"", ""Blue House Fashions"", ""Looks""]","[""Shopping"", ""Shopping"", ""Shopping"", ""Shopping"", ""Shopping"", ""Shopping"", ""Shopping"", ""Shopping"", ""Shopping"", ""Shopping"", ""Shopping"", ""Shopping"", ""Shopping"", ""Shopping"", ""Shopping"", ""Shopping"", ""Shopping"", ""Shopping"", ""Shopping"", ""Shopping"", ""Shopping"", ""Shopping"", ""Shopping"", ""Shopping"", ""Shopping"", ""Shopping"", ""Shopping"", ""Shopping"", ""Shopping"", ""Shopping""]","[14014153394, 2847634526, 12639952973, 11846367658, 10172786336, 4009677229, 2725394138, 7654917353, 3317426080, 2249914640, 3598285975, 3612562750, 3205677844, 1309503677, 13366659821, 2126214167, 7247052438, 2417812454, 308779604, 10277918618, 5759759161, 11481595858, 2028554629, 3164363653, 13366696880, 3205667405, 978107725, 11484769464, 2249764830, 2177311064]",HYD035354,HYD004373,14014153394,2177311064,40.0455,30,0
S007,Religion,10,"[""HYD032104"", ""HYD032118"", ""HYD032655"", ""HYD031921"", ""HYD032579"", ""HYD032572"", ""HYD032749"", ""HYD032305"", ""HYD031814"", ""HYD032025""]","[""Kanaka Durga Temple"", ""Kondapur Saibaba Temple"", ""Yellamma Pochamma Temple"", ""Eidgah"", ""Tatimaisaimma temple"", ""St Joseph's Cathedral"", ""pochamma thalli temple"", ""Pochamma temple"", ""Annapurna devi temple"", ""Hanuman Temple""]","[""Religion"", ""Religion"", ""Religion"", ""Religion"", ""Religion"", ""Religion"", ""Religion"", ""Religion"", ""Religion"", ""Religion""]","[7244300080, 1301942857, 726721927, 13338153571, 3791315004, 2847561503, 1338911047, 3887222608, 7679429236, 8386715624]",HYD032104,HYD032025,7244300080,8386715624,25.6019,10,0
S008,Religion,20,"[""HYD032337"", ""HYD032487"", ""HYD032019"", ""HYD032392"", ""HYD032681"", ""HYD032114"", ""HYD032720"", ""HYD031797"", ""HYD032330"", ""HYD032816"", ""HYD032156"", ""HYD032830"", ""HYD032008"", ""HYD032402"", ""HYD032198"", ""HYD032104"", ""HYD032556"", ""HYD032121"", ""HYD003722"", ""HYD032454""]","[""Rehoboth House of Prayer"", ""Sri Ashtasakhi Radha Krishna Devasthanam"", ""Hanuman Temple"", ""Saint Thomas Church"", ""gajjalamma temple"", ""Khair unnisa masjid"", ""mahalakshmi  temple"", ""AYYAPPA TEMPLE"", ""Ramalayam Temple"", ""venkateshwara temple"", ""Maisamma Temple"", ""\u062c\u0627\u0645\u0639 \u0645\u0633\u062c\u062f \u0639\u062b\u0645\u0627\u0646\u06cc\u06c1 \u0635\u0631\u0641\u062e\u0627\u0635 \u067e\u0644\u0679\u0646"", ""Hanuman Temple"", ""Saraswathi temple"", ""Masjid e Saliheen"", ""Kanaka Durga Temple"", ""Sri Venkateshwara Swamy Temple"", ""Kukatpally Baptist Church"", ""Masjid El Salam"", ""Shivalayam Temple""]","[""Religion"", ""Religion"", ""Religion"", ""Religion"", ""Religion"", ""Religion"", ""Religion"", ""Religion"", ""Religion"", ""Religion"", ""Religion"", ""Religion"", ""Religion"", ""Religion"", ""Religion"", ""Religion"", ""Religion"", ""Religion"", ""Religion"", ""Religion""]","[1987984277, 2221878104, 7712559992, 4193325804, 739159542, 2240855556, 2796376541, 2244374623, 1001548847, 4210184648, 4614442660, 3157345108, 5759759153, 1596680022, 12367016084, 7244300080, 2649379971, 3602321880, 3977560963, 2783285861]",HYD032337,HYD032454,1987984277,2783285861,27.5312,20,0
S009,Religion,30,"[""HYD032791"", ""HYD031830"", ""HYD032020"", ""HYD032534"", ""HYD032420"", ""HYD032281"", ""HYD031909"", ""HYD032284"", ""HYD031952"", ""HYD031966"", ""HYD032786"", ""HYD031932"", ""HYD032048"", ""HYD032053"", ""HYD032764"", ""HYD032129"", ""HYD032333"", ""HYD032657"", ""HYD032224"", ""HYD032202"", ""HYD032429"", ""HYD032608"", ""HYD032555"", ""HYD032688"", ""HYD032850"", ""HYD032715"", ""HYD032038"", ""HYD032298"", ""HYD032251"", ""HYD031922""]","[""sree prasanna venkateswara swamy temple"", ""BK Guda Mazid"", ""Hanuman Temple"", ""Sri Sai Baba Temple"", ""Shiva Temple"", ""Parvath nagar Masjid"", ""Durga ma temple"", ""Peddamma Temple"", ""Ganesh mandir"", ""Grudwara"", ""shivalayam temple"", ""Fusion Church"", ""Hanuman temple"", ""Hazrat Amber sha dargha"", ""sai baba temple"", ""Lord Shiva Temple"", ""Ramalingeswara Swami Temple"", ""Yellamma Temple"", ""Mecca Masjid"", ""Masjid-E-Ahmediya"", ""Shivalayam"", ""Uppalama Temple"", ""Sri Venkateshwara Swamy Temple"", ""hanuman"", ""\u0c36\u0c4d\u0c30\u0c40 \u0c36\u0c4d\u0c30\u0c40 \u0c36\u0c4d\u0c30\u0c40 \u0c05\u0c2d\u0c2f \u0c06\u0c02\u0c1c\u0c28\u0c47\u0c2f \u0c38\u0c4d\u0c35\u0c3e\u0c2e\u0c3f \u0c26\u0c47\u0c35\u0c3e\u0c32\u0c2f\u0c02"", ""laxmi ganapathi temple"", ""Hanuman temple"", ""Pochamma Temple"", ""Naga Devtha Temple"", ""Eidgah E Maqdum Nagar""]","[""Religion"", ""Religion"", ""Religion"", ""Religion"", ""Religion"", ""Religion"", ""Religion"", ""Religion"", ""Religion"", ""Religion"", ""Religion"", ""Religion"", ""Religion"", ""Religion"", ""Religion"", ""Religion"", ""Religion"", ""Religion"", ""Religion"", ""Religion"", ""Religion"", ""Religion"", ""Religion"", ""Religion"", ""Religion"", ""Religion"", ""Religion"", ""Religion"", ""Religion"", ""Religion""]","[11043476384, 3598261688, 7694308385, 6354009325, 7701029725, 2249841724, 2178294766, 3602300851, 11373154602, 9679249352, 1321359616, 11033804440, 6308390070, 1316890506, 3679994273, 7670950429, 11032071400, 7676492878, 9605237095, 7682244923, 4754154679, 2585228472, 11050485840, 2028543908, 3602299329, 13208835344, 13671127671, 6518078815, 3598282490, 2028554640]",HYD032791,HYD031922,11043476384,2028554640,41.3242,30,0
S010,Nature & Outdoors,10,"[""HYD031135"", ""HYD006651"", ""HYD036193"", ""HYD036158"", ""HYD031024"", ""HYD031014"", ""HYD006258"", ""HYD030861"", ""HYD036237"", ""HYD009906""]","[""Sai Laxmi Panchavati Colony Park"", ""High Fields Romantic Garden"", ""Irrigation Pond"", ""BANDAMKOMMU LAKE"", ""KailashHills Park 1"", ""Janapriya Enclave Park"", ""Wate Fountain"", ""Alwyn Park"", ""Pedda Cheruvu"", ""nature""]","[""Nature & Outdoors"", ""Nature & Outdoors"", ""Nature & Outdoors"", ""Nature & Outdoors"", ""Nature & Outdoors"", ""Nature & Outdoors"", ""Nature & Outdoors"", ""Nature & Outdoors"", ""Nature & Outdoors"", ""Nature & Outdoors""]","[2795872112, 13202951508, 11529859077, 7651802053, 3550347115, 1596067215, 2794316340, 2231795204, 4191180302, 11873559131]",HYD031135,HYD009906,2795872112,11873559131,30.9691,10,0
S011,Nature & Outdoors,20,"[""HYD031023"", ""HYD030858"", ""HYD006662"", ""HYD031127"", ""HYD030861"", ""HYD031315"", ""HYD031032"", ""HYD031074"", ""HYD036276"", ""HYD031286"", ""HYD031008"", ""HYD035690"", ""HYD030924"", ""HYD036175"", ""HYD036181"", ""HYD031273"", ""HYD031037"", ""HYD031205"", ""HYD030983"", ""HYD030885""]","[""KPHB Park"", ""Alam Thota Park"", ""Saradha Vanam"", ""SBI Officers colony park"", ""Alwyn Park"", ""sri puri childrens colony park"", ""Kesav Memorial Playground"", ""Nagina Bagh"", ""juice point"", ""park"", ""Interactive Science park"", ""Marri Chettu"", ""G.R. Reddy Park"", ""Fox Sagar"", ""Gopi Cheruvu"", ""padma rao nagar park"", ""Krishnakanth Park"", ""Walkers Park"", ""HIG Park"", ""Central Park""]","[""Nature & Outdoors"", ""Nature & Outdoors"", ""Nature & Outdoors"", ""Nature & Outdoors"", ""Nature & Outdoors"", ""Nature & Outdoors"", ""Nature & Outdoors"", ""Nature & Outdoors"", ""Nature & Outdoors"", ""Nature & Outdoors"", ""Nature & Outdoors"", ""Nature & Outdoors"", ""Nature & Outdoors"", ""Nature & Outdoors"", ""Nature & Outdoors"", ""Nature & Outdoors"", ""Nature & Outdoors"", ""Nature & Outdoors"", ""Nature & Outdoors"", ""Nature & Outdoors""]","[2249764658, 7694976836, 11066705785, 4637354271, 2231795204, 13417551885, 4176118711, 3579909428, 4194874676, 11840315712, 6149806107, 4328310661, 2795821174, 11332673425, 7401499006, 308796504, 1291820598, 6354009325, 2231795143, 2246173530]",HYD031023,HYD030885,2249764658,2246173530,26.0569,20,0
S012,Nature & Outdoors,30,"[""HYD030888"", ""HYD036265"", ""HYD031230"", ""HYD031151"", ""HYD031222"", ""HYD031209"", ""HYD031267"", ""HYD009103"", ""HYD036280"", ""HYD036260"", ""HYD036252"", ""HYD030889"", ""HYD030851"", ""HYD031201"", ""HYD031136"", ""HYD030900"", ""HYD031043"", ""HYD030985"", ""HYD030983"", ""HYD035687"", ""HYD031248"", ""HYD030932"", ""HYD031221"", ""HYD030976"", ""HYD031074"", ""HYD031262"", ""HYD031044"", ""HYD030866"", ""HYD031242"", ""HYD036154""]","[""Chatrapathi Shivaji Park"", ""Timber Lake"", ""ga venture 1 colony park"", ""Scidmore Park"", ""colony park"", ""apau colony park"", ""nehur park"", ""Pedestrian Refuge"", ""park pond"", ""Singos Tank"", ""SP2"", ""Childern's Park"", ""AG Colony Park-2"", ""Vittal Rao Nagar Park"", ""Sainikpuri Children's Park"", ""Chilkalguda Park"", ""Lawns in front of Admin Block"", ""HMT Lake Park"", ""HIG Park"", ""Jagruti Tree"", ""jurrasic park"", ""GHMC PARK"", ""childrens park"", ""Green park"", ""Nagina Bagh"", ""monkeys location"", ""Laxmi nagar colony park"", ""Army Childrens park"", ""jagruthi colony park"", ""Ambedkar nagar lake""]","[""Nature & Outdoors"", ""Nature & Outdoors"", ""Nature & Outdoors"", ""Nature & Outdoors"", ""Nature & Outdoors"", ""Nature & Outdoors"", ""Nature & Outdoors"", ""Nature & Outdoors"", ""Nature & Outdoors"", ""Nature & Outdoors"", ""Nature & Outdoors"", ""Nature & Outdoors"", ""Nature & Outdoors"", ""Nature & Outdoors"", ""Nature & Outdoors"", ""Nature & Outdoors"", ""Nature & Outdoors"", ""Nature & Outdoors"", ""Nature & Outdoors"", ""Nature & Outdoors"", ""Nature & Outdoors"", ""Nature & Outdoors"", ""Nature & Outdoors"", ""Nature & Outdoors"", ""Nature & Outdoors"", ""Nature & Outdoors"", ""Nature & Outdoors"", ""Nature & Outdoors"", ""Nature & Outdoors"", ""Nature & Outdoors""]","[2780887973, 11301443662, 312810238, 7686765855, 2241233411, 2243962836, 9869711807, 3791315000, 9704990273, 312788760, 4286053751, 3602491684, 1750003750, 349270029, 1448159649, 12404435132, 7683005492, 10559326587, 2231795143, 2258224439, 2857756290, 2847575140, 6440105812, 2231531830, 3579909428, 7713480697, 10828983448, 3598276578, 13371265277, 7680092940]",HYD030888,HYD036154,2780887973,7680092940,29.1419,30,0
S013,Culture & Heritage,10,"[""HYD000187"", ""HYD000162"", ""HYD035634"", ""HYD000144"", ""HYD000184"", ""HYD006813"", ""HYD000222"", ""HYD009624"", ""HYD009773"", ""HYD009771""]","[""Kakatiya Kala Toranam"", ""Boduppal NTR Statue;NTR Statue"", ""\u0645\u0642\u0628\u0631\u06d2 \u067e\u0627\u06af\u0627\u06c1"", ""Moghalpura Tomb"", ""Iqbal Minar"", ""grave yard"", ""Telangana Martyrs Memorial"", ""pjr statue"", ""shaik faiz kaman"", ""gandhi bhavan""]","[""Culture & Heritage"", ""Culture & Heritage"", ""Culture & Heritage"", ""Culture & Heritage"", ""Culture & Heritage"", ""Culture & Heritage"", ""Culture & Heritage"", ""Culture & Heritage"", ""Culture & Heritage"", ""Culture & Heritage""]","[11971562284, 310446917, 3612546501, 312796799, 289904900, 307042058, 8140736835, 3691106067, 308559908, 2854799871]",HYD000187,HYD009771,11971562284,2854799871,24.9728,10,0
S014,Culture & Heritage,20,"[""HYD005643"", ""HYD009621"", ""HYD000167"", ""HYD000221"", ""HYD009610"", ""HYD000138"", ""HYD009615"", ""HYD009268"", ""HYD009757"", ""HYD009279"", ""HYD009741"", ""HYD009774"", ""HYD000216"", ""HYD000234"", ""HYD009284"", ""HYD006637"", ""HYD000166"", ""HYD000168"", ""HYD009576"", ""HYD000162""]","[""HITEX Exhibition Centre Entrance"", ""pjr statue"", ""Dancing Peacock"", ""T V Rao House"", ""Telangana Martyrs Memorial"", ""Golconda Jail"", ""YSR Statue"", ""KMEC Library"", ""NTR Statue"", ""Reading room"", ""Dr B R Ambedkar Statue"", ""tank"", ""Sri Krishnadevaraya"", ""vistar graphics"", ""Study Guru Reading Room"", ""SRI BALAJI ART GALLERY & GIFT ITEMS"", ""DR B R Ambedkar Statue"", ""Dancing Peacock"", ""Amar Jyothi Amar Jawan"", ""Boduppal NTR Statue;NTR Statue""]","[""Culture & Heritage"", ""Culture & Heritage"", ""Culture & Heritage"", ""Culture & Heritage"", ""Culture & Heritage"", ""Culture & Heritage"", ""Culture & Heritage"", ""Culture & Heritage"", ""Culture & Heritage"", ""Culture & Heritage"", ""Culture & Heritage"", ""Culture & Heritage"", ""Culture & Heritage"", ""Culture & Heritage"", ""Culture & Heritage"", ""Culture & Heritage"", ""Culture & Heritage"", ""Culture & Heritage"", ""Culture & Heritage"", ""Culture & Heritage""]","[13394445209, 1762349858, 1906537047, 10035871468, 2847561579, 7686954122, 3204242597, 11900595785, 12761969562, 350456765, 351828029, 308792952, 2180033518, 4000121887, 351828029, 7682661999, 3151921722, 1906537047, 2234143057, 310446917]",HYD005643,HYD000162,13394445209,310446917,27.402,18,2
S015,Culture & Heritage,30,"[""HYD009769"", ""HYD009890"", ""HYD035629"", ""HYD000217"", ""HYD000166"", ""HYD009893"", ""HYD000178"", ""HYD000232"", ""HYD000172"", ""HYD000171"", ""HYD006812"", ""HYD009622"", ""HYD000198"", ""HYD009259"", ""HYD000157"", ""HYD035628"", ""HYD009739"", ""HYD009577"", ""HYD009266"", ""HYD003847"", ""HYD009576"", ""HYD006814"", ""HYD000204"", ""HYD002265"", ""HYD000170"", ""HYD009587"", ""HYD009581"", ""HYD000213"", ""HYD006809"", ""HYD035631""]","[""Vijaya Ganapathi Arch"", ""Railway Museum"", ""Tomb of Ibrahim Quli Qutub Shah"", ""Sri Sri"", ""DR B R Ambedkar Statue"", ""Taramati Baradari"", ""Gurram Jashuva"", ""omer bhai farm house"", ""Dr. BR Ambdekar Statue"", ""Dr. B R Ambedkar"", ""burial ground"", ""pjr statue"", ""NTR"", ""CRC"", ""Ambedkar"", ""Tomb of Begun Hayat Bakshi"", ""Clock Tower"", ""Ambedkar Statue"", ""JNTU Library"", ""Golden Charminar"", ""Amar Jyothi Amar Jawan"", ""graveyard"", ""Pingali Venkayya"", ""Raja Dhanrajgir Palace"", ""Dr BR Abedkar"", ""G A N RAJU Statue"", ""Ballari Raghav"", ""Sardar Sarvai Papanna Goud Maharaj Statue"", ""Hindu samsanvakita"", ""Tomb of Sultan Muhammad Qutub Shah""]","[""Culture & Heritage"", ""Culture & Heritage"", ""Culture & Heritage"", ""Culture & Heritage"", ""Culture & Heritage"", ""Culture & Heritage"", ""Culture & Heritage"", ""Culture & Heritage"", ""Culture & Heritage"", ""Culture & Heritage"", ""Culture & Heritage"", ""Culture & Heritage"", ""Culture & Heritage"", ""Culture & Heritage"", ""Culture & Heritage"", ""Culture & Heritage"", ""Culture & Heritage"", ""Culture & Heritage"", ""Culture & Heritage"", ""Culture & Heritage"", ""Culture & Heritage"", ""Culture & Heritage"", ""Culture & Heritage"", ""Culture & Heritage"", ""Culture & Heritage"", ""Culture & Heritage"", ""Culture & Heritage"", ""Culture & Heritage"", ""Culture & Heritage"", ""Culture & Heritage""]","[2236890259, 6525697108, 3579910841, 2180033515, 3151921722, 8484837776, 6372012794, 12329984858, 3164339022, 3098625687, 3393671955, 2710977507, 7701752847, 2705367343, 1299292645, 3579911813, 12313694313, 9870003634, 1427603937, 6132359363, 2234143057, 3579900287, 2180033509, 11046385832, 4169678446, 309700561, 5743097279, 2841168861, 671854392, 3579911623]",HYD009769,HYD035631,2236890259,3579911623,34.9431,30,0
S016,Entertainment,10,"[""HYD035587"", ""HYD031359"", ""HYD035589"", ""HYD003735"", ""HYD000135"", ""HYD003834"", ""HYD005614"", ""HYD005599"", ""HYD003742"", ""HYD005592""]","[""sree ramana 70mm"", ""wedding hall"", ""Jalavihar Water Park"", ""Asian Shiva Ganga"", ""Ocean Blue Aquariums"", ""Vijetha Cinemas"", ""Milap Garden Function Hall"", ""KS Palace"", ""Cinepolis"", ""Crown Palace""]","[""Entertainment"", ""Entertainment"", ""Entertainment"", ""Entertainment"", ""Entertainment"", ""Entertainment"", ""Entertainment"", ""Entertainment"", ""Entertainment"", ""Entertainment""]","[2240856663, 3372041227, 3598257182, 11033768978, 11052663143, 7655106950, 11888739141, 11171166390, 12025556538, 11486170611]",HYD035587,HYD005592,2240856663,11486170611,24.2852,10,0
S017,Entertainment,20,"[""HYD003771"", ""HYD005584"", ""HYD003784"", ""HYD003750"", ""HYD035588"", ""HYD003806"", ""HYD035575"", ""HYD003734"", ""HYD003779"", ""HYD003811"", ""HYD003789"", ""HYD003757"", ""HYD003829"", ""HYD035563"", ""HYD005594"", ""HYD005635"", ""HYD003794"", ""HYD005611"", ""HYD035556"", ""HYD005622""]","[""PVR Cinemas"", ""Anvaya Conventions"", ""Radhika Movieplex"", ""INOX"", ""vishwanadh"", ""Shanti Cinema Theatre"", ""Select talkies"", ""Asian Mukta Cinemas (Konark)"", ""Prasads Imax"", ""Shiva Parvathi Theatre"", ""Regal Theatre"", ""Lakshmikala"", ""Tivoli Extreme Cinema"", ""Manuu OAT"", ""GHMC Multi Function Hall"", ""Sri Venkateshwara Gardens"", ""SVC Theatre"", ""Meena Garden Function Hall"", ""High Fields Amphetheatre"", ""ONYX Function Hall""]","[""Entertainment"", ""Entertainment"", ""Entertainment"", ""Entertainment"", ""Entertainment"", ""Entertainment"", ""Entertainment"", ""Entertainment"", ""Entertainment"", ""Entertainment"", ""Entertainment"", ""Entertainment"", ""Entertainment"", ""Entertainment"", ""Entertainment"", ""Entertainment"", ""Entertainment"", ""Entertainment"", ""Entertainment"", ""Entertainment""]","[7701119341, 11066548221, 11066130148, 2126214181, 1437305503, 11033838298, 2783189128, 11987094838, 11502416498, 349020732, 712982498, 3602309902, 3147213795, 4175442137, 7244233155, 11980773847, 4204212094, 1317471668, 10208881924, 2730650849]",HYD003771,HYD005622,7701119341,2730650849,33.3652,20,0
S018,Entertainment,30,"[""HYD005590"", ""HYD000135"", ""HYD005625"", ""HYD035559"", ""HYD005596"", ""HYD003793"", ""HYD005624"", ""HYD003743"", ""HYD035574"", ""HYD003751"", ""HYD003784"", ""HYD003746"", ""HYD035577"", ""HYD003744"", ""HYD009900"", ""HYD035589"", ""HYD003756"", ""HYD003786"", ""HYD003789"", ""HYD005609"", ""HYD003770"", ""HYD005638"", ""HYD003804"", ""HYD003769"", ""HYD005630"", ""HYD005617"", ""HYD035583"", ""HYD005584"", ""HYD003842"", ""HYD003781""]","[""Clubhouse 1"", ""Ocean Blue Aquariums"", ""Ramaswamy Function Hall"", ""Lalita Kala Thoranam"", ""Grand Garden"", ""SVC Eshwar Theatre"", ""R.j Functioun hall"", ""Cinepolis TNR North City"", ""SVK Amphitheater"", ""INOX Cinema"", ""Radhika Movieplex"", ""Devi"", ""Shilpakala Vedika"", ""Cinepolis-mantra mall"", ""TMC"", ""Jalavihar Water Park"", ""Kumar 70 mm"", ""Ram Theatre"", ""Regal Theatre"", ""MS Function Hall"", ""PVR Cinemas"", ""V Convention"", ""Sensation Sunshine"", ""Odeon complex"", ""SSS Gardens Function Hall"", ""Mudhiraj bhavan"", ""Vivekananda Auditorium"", ""Anvaya Conventions"", ""sree ramana"", ""Prashanth theatre""]","[""Entertainment"", ""Entertainment"", ""Entertainment"", ""Entertainment"", ""Entertainment"", ""Entertainment"", ""Entertainment"", ""Entertainment"", ""Entertainment"", ""Entertainment"", ""Entertainment"", ""Entertainment"", ""Entertainment"", ""Entertainment"", ""Entertainment"", ""Entertainment"", ""Entertainment"", ""Entertainment"", ""Entertainment"", ""Entertainment"", ""Entertainment"", ""Entertainment"", ""Entertainment"", ""Entertainment"", ""Entertainment"", ""Entertainment"", ""Entertainment"", ""Entertainment"", ""Entertainment"", ""Entertainment""]","[8258501934, 11052663143, 2585223878, 7379950138, 11549175453, 11486152575, 11051366329, 13417973262, 7010687918, 2126214148, 11066130148, 3612571623, 3602306835, 12025556538, 11846315441, 3598257182, 12045548769, 4275283719, 712982498, 3612544993, 3602299800, 12098492829, 11038535684, 11043523508, 12029029967, 2763874235, 5919923775, 11066548221, 12704188688, 11068360058]",HYD005590,HYD003781,8258501934,11068360058,35.7224,30,0
S019,Recreation & Sports,10,"[""HYD035473"", ""HYD006057"", ""HYD006078"", ""HYD034734"", ""HYD031757"", ""HYD035464"", ""HYD031682"", ""HYD006053"", ""HYD006032"", ""HYD031711""]","[""Wave Pool 1"", ""Grace Fitness Gym"", ""Naren Fitness"", ""Decathlon"", ""Tariq Sports Academy"", ""Secunderabad Club Swimming Pool"", ""Cricket Net"", ""GK fitness"", ""Austin Fitness"", ""JNTU Ground""]","[""Recreation & Sports"", ""Recreation & Sports"", ""Recreation & Sports"", ""Recreation & Sports"", ""Recreation & Sports"", ""Recreation & Sports"", ""Recreation & Sports"", ""Recreation & Sports"", ""Recreation & Sports"", ""Recreation & Sports""]","[9908953405, 1906537069, 13274254103, 8196164328, 3598264817, 3598264827, 3612571079, 2852234220, 1692848886, 1427659078]",HYD035473,HYD031711,9908953405,1427659078,36.2378,10,0
S020,Recreation & Sports,20,"[""HYD034808"", ""HYD006097"", ""HYD034736"", ""HYD031675"", ""HYD006113"", ""HYD034793"", ""HYD031767"", ""HYD032883"", ""HYD034771"", ""HYD031759"", ""HYD032888"", ""HYD006035"", ""HYD006088"", ""HYD006069"", ""HYD034763"", ""HYD006107"", ""HYD032880"", ""HYD006049"", ""HYD035467"", ""HYD031730""]","[""Uppal Municipal Stadium"", ""Tough Gym"", ""Olympia Sports"", ""CYR Indoor Stadium"", ""sakhi beauty parlour, gym and yoga"", ""Crcket Grounds"", ""Throwball court"", ""Netaji Grounds"", ""RRC Sports Complex"", ""Tennis Court"", ""Play Ground"", ""Chikky Gym"", ""SD fitness Center"", ""KK Gym"", ""Oyster Swimming Pool"", ""cult.fit"", ""Mahmood Football Coaching Centre"", ""Fitness 9"", ""Swimming Pool"", ""New Football Ground""]","[""Recreation & Sports"", ""Recreation & Sports"", ""Recreation & Sports"", ""Recreation & Sports"", ""Recreation & Sports"", ""Recreation & Sports"", ""Recreation & Sports"", ""Recreation & Sports"", ""Recreation & Sports"", ""Recreation & Sports"", ""Recreation & Sports"", ""Recreation & Sports"", ""Recreation & Sports"", ""Recreation & Sports"", ""Recreation & Sports"", ""Recreation & Sports"", ""Recreation & Sports"", ""Recreation & Sports"", ""Recreation & Sports"", ""Recreation & Sports""]","[2852567171, 2852272952, 308777212, 7392309620, 2234832805, 7702247087, 2235061756, 2249764939, 8935106043, 13355180964, 2234499762, 1400994924, 2477255911, 2795744114, 12075135959, 11038608275, 12350819873, 312810284, 1347502979, 12895031417]",HYD034808,HYD031730,2852567171,12895031417,38.0118,20,0
S021,Recreation & Sports,30,"[""HYD032899"", ""HYD032883"", ""HYD006106"", ""HYD031761"", ""HYD006096"", ""HYD006052"", ""HYD031698"", ""HYD031727"", ""HYD035447"", ""HYD006051"", ""HYD031724"", ""HYD031648"", ""HYD034759"", ""HYD031668"", ""HYD034751"", ""HYD006083"", ""HYD031722"", ""HYD035439"", ""HYD032887"", ""HYD031749"", ""HYD033057"", ""HYD034797"", ""HYD006110"", ""HYD031662"", ""HYD006114"", ""HYD035449"", ""HYD035455"", ""HYD006121"", ""HYD031752"", ""HYD006043""]","[""THE SECUNDERABAD PUBLIC SCHOOL"", ""Netaji Grounds"", ""cult.fit"", ""Tennis Court"", ""The Gym 365 Hyderabad"", ""Flex Gym"", ""Govardhan Badminton Academy"", ""NFC Cricket Ground"", ""High Fields Kids Pool"", ""Fitness9"", ""Microsoft Kick Boxing Area"", ""BHEL Tennis Court"", ""NPA Grounds"", ""Basketball Court"", ""GHMC Play Park"", ""Perfect fitness centre"", ""Microsoft Basketball"", ""Amberpet Swimming Pool"", ""Play Area"", ""Shivaji cricket ground"", ""Cricket Nets"", ""Kotla Vijayabhaskara Reddy Indoor Stadium"", ""cultfit bodyline gym"", ""Basketball Court"", ""salus gym"", ""High Fields Rooftop Pool"", ""Kids Pool District 1"", ""Fitness Studio"", ""Soccer Pitch"", ""Cult Gym""]","[""Recreation & Sports"", ""Recreation & Sports"", ""Recreation & Sports"", ""Recreation & Sports"", ""Recreation & Sports"", ""Recreation & Sports"", ""Recreation & Sports"", ""Recreation & Sports"", ""Recreation & Sports"", ""Recreation & Sports"", ""Recreation & Sports"", ""Recreation & Sports"", ""Recreation & Sports"", ""Recreation & Sports"", ""Recreation & Sports"", ""Recreation & Sports"", ""Recreation & Sports"", ""Recreation & Sports"", ""Recreation & Sports"", ""Recreation & Sports"", ""Recreation & Sports"", ""Recreation & Sports"", ""Recreation & Sports"", ""Recreation & Sports"", ""Recreation & Sports"", ""Recreation & Sports"", ""Recreation & Sports"", ""Recreation & Sports"", ""Recreation & Sports"", ""Recreation & Sports""]","[12221204201, 2249764939, 1948637930, 11893357432, 12049272669, 2237525011, 11061326513, 4185236998, 10208850990, 11987126230, 2246072972, 353673754, 3644649737, 3598260415, 3392172005, 4021573411, 1043522227, 1316885637, 308795915, 11009674086, 12895031416, 7713110414, 2231949548, 1705378172, 3612551634, 12574552634, 12988994473, 2583759021, 7950865032, 3602325030]",HYD032899,HYD006043,12221204201,3602325030,31.6723,30,0
M001,Food + Shopping,10,"[""HYD004314"", ""HYD033884"", ""HYD036145"", ""HYD005564"", ""HYD034072"", ""HYD005956"", ""HYD034695"", ""HYD033611"", ""HYD035230"", ""HYD033878""]","[""Handloom House"", ""Suprabhat Tiffins"", ""Fastrack watch store"", ""TITAN WORLD WATCHES"", ""rangoli food court"", ""Subash Chandra Bose"", ""Reliance Footwear"", ""Mehfil Mandi House"", ""Raithu panta"", ""Subway""]","[""Shopping"", ""Food"", ""Shopping"", ""Shopping"", ""Food"", ""Food"", ""Shopping"", ""Food"", ""Shopping"", ""Food""]","[2178294841, 2403853105, 9635015412, 978107717, 1317030277, 1939290835, 11038581401, 11829886777, 3670020719, 12100248838]",HYD004314,HYD033878,2178294841,12100248838,24.7386,10,0
M002,Food + Shopping,20,"[""HYD034828"", ""HYD004596"", ""HYD005074"", ""HYD004232"", ""HYD034093"", ""HYD033740"", ""HYD001874"", ""HYD005836"", ""HYD035263"", ""HYD000636"", ""HYD035207"", ""HYD006791"", ""HYD004491"", ""HYD004397"", ""HYD034852"", ""HYD035530"", ""HYD006611"", ""HYD005702"", ""HYD005340"", ""HYD034868""]","[""Keerthana stationary"", ""varamaha laxmi store"", ""Vasireddy Swagruha Foods - Ruchi Caterers"", ""Avvari"", ""swagath grand"", ""R Royal Bawarchi Restaurant"", ""Coronation Cafe"", ""Jowar Roti Point"", ""Ratnadeep Supermarket"", ""Om Bakers"", ""More"", ""redsox"", ""Shilpa"", ""Max"", ""Sameeksha Stationery"", ""Tea Time"", ""Lalita Furniture"", ""CIE Canteen"", ""More"", ""Stationery Centre""]","[""Shopping"", ""Shopping"", ""Food"", ""Shopping"", ""Food"", ""Food"", ""Food"", ""Food"", ""Shopping"", ""Food"", ""Shopping"", ""Shopping"", ""Shopping"", ""Shopping"", ""Shopping"", ""Food"", ""Shopping"", ""Food"", ""Shopping"", ""Shopping""]","[7679973472, 6390373725, 11037057315, 1042264821, 10062816481, 3598303596, 3612571456, 2234275630, 4173954967, 4328527166, 10208581531, 2425535835, 3612572966, 13383353457, 310444470, 6749847615, 6151784939, 1580588244, 4245900844, 760461434]",HYD034828,HYD034868,7679973472,760461434,34.5876,20,0
M003,Food + Shopping,30,"[""HYD034667"", ""HYD035259"", ""HYD004512"", ""HYD004493"", ""HYD000574"", ""HYD033571"", ""HYD004371"", ""HYD005902"", ""HYD005548"", ""HYD005162"", ""HYD035231"", ""HYD001636"", ""HYD034035"", ""HYD005164"", ""HYD005708"", ""HYD033495"", ""HYD009150"", ""HYD005907"", ""HYD033651"", ""HYD035146"", ""HYD009391"", ""HYD005560"", ""HYD000591"", ""HYD001904"", ""HYD035283"", ""HYD005051"", ""HYD004311"", ""HYD033246"", ""HYD005069"", ""HYD000634""]","[""Bata"", ""Ratnadeep Supermarket"", ""Superdry"", ""Shoppers Stop"", ""Goodluck Bakery"", ""Madhushala"", ""Linen Club"", ""Noodles Corner"", ""Reliance Digital - Electronic Store"", ""Sahaja Aharam"", ""Ratnadeep"", ""sri venkateshwara book store"", ""green bawarchi restaurant"", ""Sai general kirana store"", ""Catering"", ""Jain Kitchen, Pure Vegetarian Restaurant"", ""Mangatrai Jewelary"", ""Paradise Takeaway"", ""Nectar Kitchen & Bar"", ""Heritage Fresh"", ""Mekala Complex"", ""Show me MI Mobiles"", ""KS Bakers"", ""Hina J.K Point"", ""Reliance Fresh"", ""Mithas Vatika"", ""H&M"", ""Bawarchi"", ""Sweet Shop"", ""Nikhil's Bakery""]","[""Shopping"", ""Shopping"", ""Shopping"", ""Shopping"", ""Food"", ""Food"", ""Shopping"", ""Food"", ""Shopping"", ""Shopping"", ""Shopping"", ""Shopping"", ""Food"", ""Shopping"", ""Food"", ""Food"", ""Shopping"", ""Food"", ""Food"", ""Shopping"", ""Shopping"", ""Shopping"", ""Food"", ""Food"", ""Shopping"", ""Food"", ""Shopping"", ""Food"", ""Food"", ""Food""]","[8386715627, 7718986093, 1578599723, 2126214140, 10600434120, 11041723785, 12578282001, 2232047887, 8366601354, 1939290885, 3207195566, 2243963217, 2243963522, 2794317055, 308952235, 5917822580, 5675269238, 12724785047, 1836662476, 1428964212, 10308621090, 6149977289, 1312229423, 1284260203, 1431239091, 2739329336, 3146877637, 1753608446, 11980154951, 982234725]",HYD034667,HYD000634,8386715627,982234725,27.2852,30,0
M004,Culture & Heritage + Religion,10,"[""HYD009744"", ""HYD032747"", ""HYD032415"", ""HYD032233"", ""HYD032168"", ""HYD032419"", ""HYD032767"", ""HYD032573"", ""HYD009758"", ""HYD032314""]","[""Jawaharlal Nehru Statue"", ""pochamma thali temple"", ""Shirdi Sai Baba"", ""Mosque"", ""Manna Full Gospel Church"", ""Shiva Temple"", ""sai baba temple"", ""St. Andrew's Church Secunderbad"", ""Nehru statue"", ""Rahimia Masjid""]","[""Culture & Heritage"", ""Religion"", ""Religion"", ""Religion"", ""Religion"", ""Religion"", ""Religion"", ""Religion"", ""Culture & Heritage"", ""Religion""]","[4856178849, 2852309669, 2244374132, 4170788912, 4180416299, 3598386560, 1321359616, 11033691564, 306631592, 2460272728]",HYD009744,HYD032314,4856178849,2460272728,24.1886,10,0
M005,Culture & Heritage + Religion,20,"[""HYD032706"", ""HYD031915"", ""HYD032047"", ""HYD000226"", ""HYD032419"", ""HYD000139"", ""HYD032590"", ""HYD032628"", ""HYD031929"", ""HYD032271"", ""HYD032409"", ""HYD009273"", ""HYD032202"", ""HYD032802"", ""HYD032168"", ""HYD009885"", ""HYD032141"", ""HYD032564"", ""HYD032159"", ""HYD032362""]","[""jagadguru Sri sringeri sharada peetam"", ""Durgamma Temple"", ""Hanuman temple"", ""Trumpetting Elephant"", ""Shiva Temple"", ""Golconda Jail"", ""Temple"", ""Venkateshwara Swamy Temple"", ""Fareed Masjid"", ""Omkareshwara temple"", ""Shahi Masjid"", ""Library BPHC"", ""Masjid-E-Ahmediya"", ""sri srinidhi sai baba temple"", ""Manna Full Gospel Church"", ""B.R.Ambedkar Statue"", ""Mahakali Temple"", ""Sri Vijaya Ganapathi Temple"", ""Majid -e-Aqsa"", ""Sai Baba Temple""]","[""Religion"", ""Religion"", ""Religion"", ""Culture & Heritage"", ""Religion"", ""Culture & Heritage"", ""Religion"", ""Religion"", ""Religion"", ""Religion"", ""Religion"", ""Culture & Heritage"", ""Religion"", ""Religion"", ""Religion"", ""Culture & Heritage"", ""Religion"", ""Religion"", ""Religion"", ""Religion""]","[11038672564, 7904757108, 3216871980, 1906537100, 3598386560, 7686954122, 2236890087, 11050559726, 11082456167, 7682217647, 5985197262, 7678816418, 7682244923, 13335606938, 4180416299, 3612575694, 11066460239, 10961081884, 10764943821, 7691546319]",HYD032706,HYD032362,11038672564,7691546319,37.7805,20,0
M006,Culture & Heritage + Religion,30,"[""HYD032194"", ""HYD032350"", ""HYD032131"", ""HYD032661"", ""HYD009890"", ""HYD031918"", ""HYD032387"", ""HYD032302"", ""HYD031882"", ""HYD032786"", ""HYD032691"", ""HYD032142"", ""HYD032357"", ""HYD032648"", ""HYD000007"", ""HYD032148"", ""HYD032113"", ""HYD031956"", ""HYD032406"", ""HYD032713"", ""HYD032768"", ""HYD036294"", ""HYD032185"", ""HYD032478"", ""HYD032430"", ""HYD032431"", ""HYD031963"", ""HYD032572"", ""HYD032495"", ""HYD031873""]","[""Masjid e Hanifa"", ""Sai Baba Kalyana Mandapam"", ""Lord Shiva Temple"", ""amma vari temple"", ""Railway Museum"", ""EME Gurudwara"", ""Saibaba Temple"", ""Pochamma Temple"", ""Church"", ""shivalayam temple"", ""hanuman temple"", ""Mahakali Temple"", ""Sai Baba Temple"", ""Vijaya Mahamanthra Temple"", ""Sai Baba Mandir"", ""Mahankali Gudi"", ""Kattamysamma Devalayam"", ""Ganesh temple"", ""Saviour's Lutheran Church"", ""khadar jhanda"", ""sai mandir"", ""Hanuman Temple"", ""Masjid E Osman Zun Noorain Ahle Hadees"", ""Skandagiri Temple"", ""Shivalayam"", ""Shivalayam"", ""Golden Temple Puppalaguda"", ""St Joseph's Cathedral"", ""Sri Hanuman Temple"", ""CSI Wesley Church""]","[""Religion"", ""Religion"", ""Religion"", ""Religion"", ""Culture & Heritage"", ""Religion"", ""Religion"", ""Religion"", ""Religion"", ""Religion"", ""Religion"", ""Religion"", ""Religion"", ""Religion"", ""Religion"", ""Religion"", ""Religion"", ""Religion"", ""Religion"", ""Religion"", ""Religion"", ""Religion"", ""Religion"", ""Religion"", ""Religion"", ""Religion"", ""Religion"", ""Religion"", ""Religion"", ""Religion""]","[12330556664, 2231827514, 2234830850, 6372012795, 6525697108, 2222385333, 3598259223, 2231949699, 11101162912, 1321359616, 3665228583, 315072845, 1320922492, 3614507007, 7682824743, 2236750398, 315086318, 307061468, 3127112999, 3670022546, 3612573661, 11846358958, 2852504858, 2234275795, 1595306228, 2786995861, 7709411689, 2847561503, 4189247791, 3612575935]",HYD032194,HYD031873,12330556664,3612575935,34.9127,30,0
M007,Food + Entertainment,10,"[""HYD001837"", ""HYD005962"", ""HYD033841"", ""HYD009036"", ""HYD001872"", ""HYD005762"", ""HYD006212"", ""HYD005720"", ""HYD005589"", ""HYD003751""]","[""Cafe Coffee day"", ""Subway"", ""Sitara"", ""Famous Ice Cream"", ""Con\u00e7u"", ""Domino's"", ""Momos centre"", ""Catering"", ""CYR Function Hall"", ""INOX Cinema""]","[""Food"", ""Food"", ""Food"", ""Food"", ""Food"", ""Food"", ""Food"", ""Food"", ""Entertainment"", ""Entertainment""]","[10199301897, 1753608445, 3167938428, 3167994446, 365209277, 11037723933, 14168506617, 6802776988, 7392309620, 2126214148]",HYD001837,HYD003751,10199301897,2126214148,19.999,10,0
M008,Food + Entertainment,20,"[""HYD000589"", ""HYD000678"", ""HYD005802"", ""HYD033676"", ""HYD001788"", ""HYD033595"", ""HYD033427"", ""HYD034087"", ""HYD005249"", ""HYD033302"", ""HYD033754"", ""HYD033366"", ""HYD005799"", ""HYD003752"", ""HYD000511"", ""HYD001926"", ""HYD033471"", ""HYD005696"", ""HYD005026"", ""HYD033851""]","[""KS Bakers"", ""Treat Time Bakers"", ""Fast Food"", ""Paaka Organic Cafe"", ""Ali Cafe"", ""Mayabazar"", ""Gundamma Gaari Ruchulu"", ""subway"", ""Santosh Kirana & General Store"", ""Charcoal Bbq"", ""Ramus tiffins amd roti center"", ""Eat Well"", ""Dunkin'"", ""INOX Leisure"", ""Bakers Q"", ""Karma Kaapi"", ""Hotel Sweekar"", ""Burger King"", ""Balaji Sweets"", ""Southern Spice""]","[""Food"", ""Food"", ""Food"", ""Food"", ""Food"", ""Food"", ""Food"", ""Food"", ""Food"", ""Food"", ""Food"", ""Food"", ""Food"", ""Entertainment"", ""Food"", ""Food"", ""Food"", ""Food"", ""Food"", ""Food""]","[1753608432, 1042264818, 1427606373, 2225276959, 2249841585, 3207183147, 2255887223, 12318345198, 2225419766, 1302063229, 4169678451, 7686809427, 13350856584, 12285163484, 1602512764, 3598311102, 312780869, 2126214169, 310445680, 1948596024]",HYD000589,HYD033851,1753608432,1948596024,36.1547,20,0
M009,Food + Entertainment,30,"[""HYD033632"", ""HYD000694"", ""HYD034013"", ""HYD005820"", ""HYD001987"", ""HYD033599"", ""HYD002036"", ""HYD033633"", ""HYD033905"", ""HYD034019"", ""HYD035573"", ""HYD006240"", ""HYD033542"", ""HYD033797"", ""HYD033477"", ""HYD033974"", ""HYD033556"", ""HYD003799"", ""HYD033674"", ""HYD033573"", ""HYD005861"", ""HYD005812"", ""HYD005935"", ""HYD033865"", ""HYD033714"", ""HYD005779"", ""HYD005924"", ""HYD033531"", ""HYD001807"", ""HYD005970""]","[""Multi Cuisine Restaurant baghlingampally"", ""mysore"", ""annapoorna"", ""Hot Chips"", ""Sree Balaji Sweet Shop"", ""Mayuri Restaurant"", ""arch cafe"", ""Mumtaz Restaurant"", ""TGI Fridays"", ""cafe nandini"", ""SVC Theatre"", ""chat center"", ""Kritunga Restaurant"", ""Sandarshini Udipi Veg"", ""Hyderabad House"", ""VENKATESHWARA TIFFINS CENTER"", ""Lucky Restaurant"", ""Sandhya cinemas"", ""Oysters Blue"", ""Madura Indian Fusion Restaurant"", ""KFC"", ""Galaxy fast food"", ""Shawarma"", ""Sri Lakshmi Restaurant"", ""Pista House"", ""Domino's"", ""Rice Bowl"", ""Krishnapatnam"", ""CELEBRATIONS"", ""Subway""]","[""Food"", ""Food"", ""Food"", ""Food"", ""Food"", ""Food"", ""Food"", ""Food"", ""Food"", ""Food"", ""Entertainment"", ""Food"", ""Food"", ""Food"", ""Food"", ""Food"", ""Food"", ""Entertainment"", ""Food"", ""Food"", ""Food"", ""Food"", ""Food"", ""Food"", ""Food"", ""Food"", ""Food"", ""Food"", ""Food"", ""Food""]","[4176203831, 13335598252, 2210758042, 3164043356, 309707235, 1906537042, 3612552262, 2234500134, 6150020414, 2570397494, 4204212094, 308943092, 11032189861, 9959179240, 2857325737, 11047931339, 3210142868, 4262208470, 10573065561, 7001266674, 1602516051, 4191488385, 309707733, 3164348468, 3602322235, 9987395851, 12992046226, 1948637920, 2789775765, 11061343499]",HYD033632,HYD005970,4176203831,11061343499,32.1852,30,0
M010,Nature & Outdoors + Recreation & Sports,10,"[""HYD031166"", ""HYD031242"", ""HYD031687"", ""HYD031654"", ""HYD036260"", ""HYD030851"", ""HYD030969"", ""HYD030994"", ""HYD031159"", ""HYD031784""]","[""Sri Mahalakshi Vambay Colony Children's Park"", ""jagruthi colony park"", ""DPS Nacharan Football Ground"", ""BRJCPHS Ground"", ""Singos Tank"", ""AG Colony Park-2"", ""Gayatri Nagar Indoor Badminton Court"", ""Hill Top Lake Park"", ""Siddartha Nagar Park"", ""indoor game point""]","[""Nature & Outdoors"", ""Nature & Outdoors"", ""Recreation & Sports"", ""Recreation & Sports"", ""Nature & Outdoors"", ""Nature & Outdoors"", ""Nature & Outdoors"", ""Nature & Outdoors"", ""Nature & Outdoors"", ""Recreation & Sports""]","[13344670699, 13371265277, 7711049610, 11328601188, 312788760, 1750003750, 3602307414, 1284260538, 351827087, 2225283779]",HYD031166,HYD031784,13344670699,2225283779,24.4925,10,0
M011,Nature & Outdoors + Recreation & Sports,20,"[""HYD030998"", ""HYD031124"", ""HYD006669"", ""HYD032909"", ""HYD032894"", ""HYD031677"", ""HYD036265"", ""HYD035447"", ""HYD032911"", ""HYD006665"", ""HYD031109"", ""HYD033108"", ""HYD032857"", ""HYD006067"", ""HYD031779"", ""HYD035469"", ""HYD006039"", ""HYD031720"", ""HYD031297"", ""HYD032858""]","[""Huda Park"", ""Rural Technology Park"", ""park"", ""jyoti club"", ""Sanjeeva Reddy Nagar Playground"", ""Cricket Academy"", ""Timber Lake"", ""High Fields Kids Pool"", ""kphb ground"", ""brundavan garden"", ""Public Park"", ""Mahatma Gandhi Play Ground"", ""Begumpet Community Hall"", ""K5 Fitness Point"", ""basket ball court"", ""Swimming Pool"", ""Cross X Fitness"", ""Manikonda sports arena"", ""revenue board colony park"", ""Block office""]","[""Nature & Outdoors"", ""Nature & Outdoors"", ""Nature & Outdoors"", ""Recreation & Sports"", ""Recreation & Sports"", ""Recreation & Sports"", ""Nature & Outdoors"", ""Recreation & Sports"", ""Recreation & Sports"", ""Nature & Outdoors"", ""Nature & Outdoors"", ""Nature & Outdoors"", ""Recreation & Sports"", ""Recreation & Sports"", ""Recreation & Sports"", ""Recreation & Sports"", ""Recreation & Sports"", ""Recreation & Sports"", ""Nature & Outdoors"", ""Recreation & Sports""]","[13377825341, 2556825285, 3602320163, 2245996420, 349934469, 11254460110, 11301443662, 10208850990, 6149520458, 11568712316, 3381806326, 7710315075, 11478482983, 11064859728, 5737075863, 11893357432, 3614496933, 11527564324, 310450590, 11875854194]",HYD030998,HYD032858,13377825341,11875854194,34.0158,20,0
M012,Nature & Outdoors + Recreation & Sports,30,"[""HYD033057"", ""HYD036256"", ""HYD036272"", ""HYD031137"", ""HYD036153"", ""HYD031135"", ""HYD031244"", ""HYD034755"", ""HYD035967"", ""HYD006086"", ""HYD032856"", ""HYD031688"", ""HYD032888"", ""HYD031024"", ""HYD035450"", ""HYD030947"", ""HYD036247"", ""HYD006082"", ""HYD032866"", ""HYD030857"", ""HYD034740"", ""HYD030963"", ""HYD035438"", ""HYD031058"", ""HYD006261"", ""HYD031218"", ""HYD031776"", ""HYD031670"", ""HYD031119"", ""HYD034798""]","[""Cricket Nets"", ""Shah Hatim Talab"", ""Wipro Lake"", ""Sainikpuri Park"", ""Achari Kunta Lake"", ""Sai Laxmi Panchavati Colony Park"", ""jai lodeshwar bhavan"", ""JNTU Sports Complex"", ""Sunset Viewpoint"", ""Qube Gym and fitness centre"", ""BHEL Enclave Playground"", ""DPSN Badminton Court"", ""Play Ground"", ""KailashHills Park 1"", ""ISB Swimming Pool"", ""GHMC Park"", ""Ramakrishnapuram Cheruvu"", ""Perfect Gym"", ""Dronacharya Indoor Sports Complex"", ""Agriculture Field"", ""Sachdev Sports Co."", ""Gandhi Nagar,Community Hall"", ""AOC swimming pool"", ""Manju miya tabela playground"", ""chitrapuri water fountain"", ""celebrity club park"", ""Volleyball Court 2"", ""Basketball Coutr"", ""Rock Garden"", ""Lal Bahadur Shastri Stadium""]","[""Recreation & Sports"", ""Nature & Outdoors"", ""Nature & Outdoors"", ""Nature & Outdoors"", ""Nature & Outdoors"", ""Nature & Outdoors"", ""Nature & Outdoors"", ""Recreation & Sports"", ""Nature & Outdoors"", ""Recreation & Sports"", ""Recreation & Sports"", ""Recreation & Sports"", ""Recreation & Sports"", ""Nature & Outdoors"", ""Recreation & Sports"", ""Nature & Outdoors"", ""Nature & Outdoors"", ""Recreation & Sports"", ""Recreation & Sports"", ""Nature & Outdoors"", ""Recreation & Sports"", ""Nature & Outdoors"", ""Recreation & Sports"", ""Nature & Outdoors"", ""Nature & Outdoors"", ""Nature & Outdoors"", ""Recreation & Sports"", ""Recreation & Sports"", ""Nature & Outdoors"", ""Recreation & Sports""]","[12895031416, 4259890095, 2246072801, 3598275741, 7678943143, 2795872112, 2852234205, 7686812919, 2794480709, 2234830623, 7694255721, 7711049603, 2234499762, 3550347115, 701281517, 2241232725, 10603711902, 11539591896, 3598277126, 4188819249, 1301927552, 1317198060, 5486693610, 2859523737, 5915678439, 11563086519, 1705375540, 7694801915, 9911123890, 2847561575]",HYD033057,HYD034798,12895031416,2847561575,36.0803,30,0
M013,Culture & Heritage + Food,10,"[""HYD009064"", ""HYD009579"", ""HYD033209"", ""HYD006015"", ""HYD033383"", ""HYD005909"", ""HYD001732"", ""HYD033583"", ""HYD000216"", ""HYD033866""]","[""Yummies"", ""Ambedkar Statue"", ""Ariban Mandi Knights"", ""prem chapathi"", ""Food Garage Drive In"", ""Pizza Corner"", ""Chicken Centre"", ""Mandar"", ""Sri Krishnadevaraya"", ""Sri Navayuga Hotel""]","[""Food"", ""Culture & Heritage"", ""Food"", ""Food"", ""Food"", ""Food"", ""Food"", ""Food"", ""Culture & Heritage"", ""Food""]","[11478093430, 1255128718, 4009708567, 2787000595, 7675783947, 12222636574, 309707745, 11502784732, 2180033518, 2228839528]",HYD009064,HYD033866,11478093430,2228839528,24.6306,10,0
M014,Culture & Heritage + Food,20,"[""HYD000608"", ""HYD009739"", ""HYD005794"", ""HYD000676"", ""HYD000559"", ""HYD000522"", ""HYD005888"", ""HYD005692"", ""HYD000220"", ""HYD002021"", ""HYD005853"", ""HYD001914"", ""HYD033596"", ""HYD001865"", ""HYD033967"", ""HYD005768"", ""HYD033561"", ""HYD005925"", ""HYD033167"", ""HYD005011""]","[""Karachi Bakery"", ""Clock Tower"", ""Domino's"", ""Tirumala Bakery"", ""Delhi Mithai Wala"", ""Bangalore Iyengar Bakery"", ""McDonald's"", ""Bread Shop"", ""Swami Vivekananda Statue"", ""Venkataramana Irani Chai Cafe"", ""KFC"", ""Isabel"", ""Mayabazar Restaurant"", ""Cliff Cafe"", ""Under The Stars"", ""Domino's"", ""M.S Biryani Point"", ""Ritik Kitchen"", ""Afgan Darbar Resturant"", ""Agra Mithai Wala""]","[""Food"", ""Culture & Heritage"", ""Food"", ""Food"", ""Food"", ""Food"", ""Food"", ""Food"", ""Culture & Heritage"", ""Food"", ""Food"", ""Food"", ""Food"", ""Food"", ""Food"", ""Food"", ""Food"", ""Food"", ""Food"", ""Food""]","[13432069669, 12313694313, 10277918618, 3598284880, 2232017811, 5608460085, 10750415453, 2822548526, 3598304605, 13851802904, 978107619, 352765073, 3207183147, 3602307066, 13350757501, 3598259999, 3219918952, 5486709290, 1779031107, 7710836467]",HYD000608,HYD005011,13432069669,7710836467,24.4293,20,0
M015,Culture & Heritage + Food,30,"[""HYD035605"", ""HYD035629"", ""HYD001866"", ""HYD002265"", ""HYD006839"", ""HYD001839"", ""HYD034027"", ""HYD000500"", ""HYD006842"", ""HYD034015"", ""HYD033194"", ""HYD033281"", ""HYD005688"", ""HYD001561"", ""HYD034082"", ""HYD005870"", ""HYD001814"", ""HYD006252"", ""HYD035437"", ""HYD001892"", ""HYD033975"", ""HYD000563"", ""HYD009619"", ""HYD033839"", ""HYD033411"", ""HYD033174"", ""HYD000677"", ""HYD033729"", ""HYD009594"", ""HYD000188""]","[""Padmavathi tiffin center"", ""Tomb of Ibrahim Quli Qutub Shah"", ""Coffee Cup"", ""Raja Dhanrajgir Palace"", ""Kirana store"", ""Cafe Latte"", ""delhi mitai vatika"", ""Arabian Bakers"", ""RAM DEV"", ""bawarchi hotel"", ""Anand Bhavan (vegetarian)"", ""Brickwood Pizza"", ""Balaji Hyderabad Mithai Bhandar"", ""Bharkadevi ice creams"", ""shagh house"", ""Kings fast food center"", ""Cafe Coffee Day"", ""tiffin center"", ""Sri Blaji Mithai Bhandar"", ""Golden Point"", ""VV Tiffins"", ""FB Bakers"", ""gandhi statue"", ""Simply south"", ""Grand"", ""Akhila Tiffins"", ""Tirumala bakery"", ""Pizza Hut"", ""Mahatma Gandhi statue"", ""Kandukuri Veeresalingam""]","[""Food"", ""Culture & Heritage"", ""Food"", ""Culture & Heritage"", ""Food"", ""Food"", ""Food"", ""Food"", ""Food"", ""Food"", ""Food"", ""Food"", ""Food"", ""Food"", ""Food"", ""Food"", ""Food"", ""Food"", ""Food"", ""Food"", ""Food"", ""Food"", ""Culture & Heritage"", ""Food"", ""Food"", ""Food"", ""Food"", ""Food"", ""Culture & Heritage"", ""Culture & Heritage""]","[308938372, 3579910841, 3147189502, 11046385832, 13266364916, 13397597124, 306631593, 2789775349, 2789775626, 10277918617, 2460435072, 3164043341, 5432894268, 2236750472, 9948762346, 310446915, 3205890365, 2234498783, 9870023324, 309707741, 13208835333, 9870023324, 12704197637, 11041703515, 11041754359, 351846656, 11118303525, 12136802560, 2527794254, 2180033509]",HYD035605,HYD000188,308938372,2180033509,24.5474,29,1
