route,source,target,dijkstra_time_ms,astar_time_ms,bidirectional_dijkstra_time_ms,dijkstra_nodes,astar_nodes,bidirectional_dijkstra_nodes,dijkstra_distance_km,astar_distance_km,bidirectional_dijkstra_distance_km,dijkstra_path_valid,astar_path_valid,bidirectional_dijkstra_path_valid,valid,max_distance_difference_km,path_distance_difference_km
1,11158461431,4012220692,39.608399965800345,9.749299963004887,26.75329998601228,31692,4218,17427,6.663942462174552,6.663942462174552,6.6639424621745516,True,True,True,True,8.881784197001252e-16,8.881784197001252e-16
2,312819899,13401221284,44.20169995864853,34.45289999945089,56.05670000659302,36554,15294,30601,11.194119919290419,11.194119919290419,11.194119919290415,True,True,True,True,3.552713678800501e-15,3.552713678800501e-15
3,2585252664,2241238410,54.85030001727864,10.853699990548193,37.11570001905784,42972,4308,21288,8.495190068302074,8.495190068302074,8.495190068302069,True,True,True,True,5.329070518200751e-15,5.329070518200751e-15
4,11840524019,1939290831,17.276500002481043,5.695600004401058,11.559000005945563,13200,2119,6517,4.406033580592921,4.406033580592921,4.406033580592922,True,True,True,True,8.881784197001252e-16,8.881784197001252e-16
5,13397459075,1596025062,58.55060002068058,17.53319997806102,51.013699965551496,42109,6625,24935,9.269100097065515,9.269100097065515,9.269100097065522,True,True,True,True,7.105427357601002e-15,7.105427357601002e-15
6,11868549970,13400278140,47.30470001231879,19.03989998390898,47.49009996885434,34729,7819,28437,8.016361606592355,8.016361606592355,8.016361606592344,True,True,True,True,1.0658141036401503e-14,1.0658141036401503e-14
7,6151092940,1594743896,27.11500000441447,23.700399964582175,38.31420000642538,23793,10186,22740,8.895524922805988,8.895524922805988,8.895524922805997,True,True,True,True,8.881784197001252e-15,8.881784197001252e-15
8,7713048831,7709635476,60.146700008772314,14.19680000981316,41.217399993911386,47907,6730,27081,11.150975117480664,11.150975117480664,11.150975117480659,True,True,True,True,5.329070518200751e-15,5.329070518200751e-15
9,10614373529,2859545157,0.7831000257283449,0.13749999925494194,0.5037999944761395,705,56,345,0.9366180632817405,0.9366180632817405,0.9366180632817405,True,True,True,True,0.0,0.0
10,1595259530,2236890255,27.56810002028942,8.997199998702854,31.22459998121485,14609,1957,11238,5.711875809432871,5.711875809432871,5.711875809432874,True,True,True,True,2.6645352591003757e-15,2.6645352591003757e-15
11,2240855473,2234830877,4.0713000344112515,2.187900012359023,4.071799980010837,3844,840,2298,2.310106702420024,2.310106702420024,2.3101067024200237,True,True,True,True,4.440892098500626e-16,4.440892098500626e-16
12,13415006113,11380887720,58.866199979092926,54.756600002292544,54.7736999578774,46107,24372,32220,10.670627093638604,10.670627093638604,10.6706270936386,True,True,True,True,3.552713678800501e-15,3.552713678800501e-15
13,7677243990,2236749242,26.863599952775985,8.163899998180568,20.97350003896281,21381,3471,11212,6.019740416255278,6.019740416255278,6.019740416255275,True,True,True,True,2.6645352591003757e-15,2.6645352591003757e-15
14,2240856453,11491003935,50.79080001451075,16.594999993685633,24.72469996428117,35162,8083,15027,6.964810103114617,6.964810103114617,6.9648101031146155,True,True,True,True,1.7763568394002505e-15,1.7763568394002505e-15
15,12240737881,6150915532,29.570900020189583,26.276900025550276,38.99329999694601,23219,9970,22838,8.389524299706359,8.389524299706359,8.389524299706355,True,True,True,True,3.552713678800501e-15,3.552713678800501e-15
16,3598396122,2236890007,8.360600040759891,1.6200999962165952,5.997800035402179,6674,696,4123,3.5832140638482524,3.5832140638482524,3.583214063848253,True,True,True,True,4.440892098500626e-16,4.440892098500626e-16
17,3612561863,7711049617,44.2182999686338,57.183400029316545,56.00760004017502,34671,14231,28490,10.224434123880057,10.224434123880057,10.224434123880055,True,True,True,True,1.7763568394002505e-15,1.7763568394002505e-15
18,2586462583,2212515593,63.808799954131246,35.39740003179759,55.85619999328628,45931,13399,29026,11.709266256248412,11.709266256248412,11.70926625624842,True,True,True,True,7.105427357601002e-15,7.105427357601002e-15
19,13900538230,11868094431,8.807700010947883,3.5729999653995037,6.558099994435906,8006,973,4012,2.5679170575120716,2.5679170575120716,2.567917057512072,True,True,True,True,4.440892098500626e-16,4.440892098500626e-16
20,12115098699,13149474300,11.94759999634698,8.555900014471263,13.172999955713749,8457,3737,5479,4.401203081141689,4.401203081141689,4.40120308114169,True,True,True,True,8.881784197001252e-16,8.881784197001252e-16
21,2240856657,2586434369,56.13840004662052,22.771599993575364,48.45609999028966,39310,9945,24539,8.898122605702449,8.898122605702449,8.89812260570245,True,True,True,True,1.7763568394002505e-15,1.7763568394002505e-15
22,4191358038,2236748046,20.665200019720942,12.965900008566678,21.641200000885874,15923,6206,12443,6.682733397982215,6.682733397982215,6.682733397982216,True,True,True,True,8.881784197001252e-16,8.881784197001252e-16
23,11873734065,1596025182,56.6298000048846,28.613100002985448,39.19999999925494,43882,12656,25522,10.661534696488118,10.661534696488118,10.661534696488125,True,True,True,True,7.105427357601002e-15,7.105427357601002e-15
24,1595246448,6829340245,33.462799969129264,18.76900001661852,43.307900021318346,27135,8265,21301,8.420921053951545,8.420921053951545,8.420921053951547,True,True,True,True,1.7763568394002505e-15,1.7763568394002505e-15
25,1595338599,4209020163,45.445800002198666,17.800700035877526,56.95969995576888,30076,7345,27093,9.967136137419287,9.967136137419287,9.967136137419281,True,True,True,True,5.329070518200751e-15,5.329070518200751e-15
26,2234831586,8072331756,25.852999999187887,5.443300004117191,19.294400000944734,21559,2500,12694,5.3473560816774794,5.3473560816774794,5.347356081677478,True,True,True,True,1.7763568394002505e-15,1.7763568394002505e-15
27,2245835653,660139957,13.373700028751045,9.869200002867728,27.92540000518784,11550,4703,12437,6.36574632950206,6.36574632950206,6.365746329502061,True,True,True,True,8.881784197001252e-16,8.881784197001252e-16
28,13369422041,3612553377,6.26419996842742,3.9681000052951276,6.089600035920739,4733,1210,3908,2.9926108558550175,2.9926108558550175,2.992610855855017,True,True,True,True,4.440892098500626e-16,4.440892098500626e-16
29,1594812956,11840643625,8.49999999627471,3.3178000012412667,5.136199994012713,6208,1648,3260,3.2550804586925426,3.2550804586925426,3.255080458692541,True,True,True,True,1.7763568394002505e-15,1.7763568394002505e-15
30,2805343846,1520914971,29.59950000513345,15.49760001944378,18.658099987078458,16898,6105,10714,6.326961231961224,6.326961231961224,6.326961231961223,True,True,True,True,8.881784197001252e-16,8.881784197001252e-16
